{
    "info": {
        "type": 0,
        "x": 0,
        "y": 0,
        "w": 320,
        "h": 386,
        "scene": "0xd520af41"
    },
    "preview": {
        "id": "0x260b820c",
        "x": 58,
        "y": 70,
        "w": 204,
        "h": 246
    },
    "icon_1": {
        "id": "0x7971727",
        "x": 0,
        "y": 0,
        "w": 320,
        "h": 386
    },
    "num_1": {
        "num": 13,
        "res": [
            "0x1ca75f27",
            "0x1ca75f26",
            "0x1ca75f25",
            "0x1ca75f24",
            "0x1ca75f23",
            "0x1ca75f22",
            "0x1ca75f21",
            "0x1ca75f20",
            "0x1ca75f2f",
            "0x1ca75f2e",
            "0x1ba75db4",
			"0x1ba75db5",
			"0x1ba75db6"
        ]
    },
    "num_2": {
        "num": 10,
        "res": [
            "0x1ca75f27",
            "0x1ca75f26",
            "0x1ca75f25",
            "0x1ca75f24",
            "0x1ca75f23",
            "0x1ca75f22",
            "0x1ca75f21",
            "0x1ca75f20",
            "0x1ca75f2f",
            "0x1ca75f2e"
        ]
    },
    "time": {
        "tyle": 2,
        "hour": {
            "num": "0xee5c8e1e",
            "x": 153,
            "y": 35,
            "w": 14,
            "h": 91,
            "pivot": {
			    "x": 7,
                "y": 0,
                "w": 0,
                "h": 0
            }
        },
        "minute": {
            "num": "0xbc19cd10",
            "x": 150,
            "y": 7,
            "w": 20,
            "h": 129,
            "pivot": {
			    "x": 10,
                "y": 10,
                "w": 0,
                "h": 0
            }
        },
        "second": {
            "num": "0x6ee0ee9",
            "x": 155,
            "y": 7,
            "w": 10,
            "h": 140,
            "pivot": {
			    "x": 5,
                "y": 21,
                "w": 0,
                "h": 0
            }
        },
        "area": {
            "x": 37,
            "y": 3,
            "w": 246,
            "h": 246
        }
    },
    "week": {
        "x": 135,
        "y": 165,
        "w": 50,
        "h": 20,
        "id": [
            "0xe266f792",
            "0x296b5c2a",
            "0xa7944620",
            "0x5f962f03",
            "0x41f16863",
            "0x15d36b68",
            "0x4950268e",
            "0xe066f4f8",
            "0x276b5970",
            "0xa99449da",
            "0x59962595",
            "0x3bf15ef5",
            "0x17d36e02",
            "0x4f50307c"
        ]
    },
    "step": {
        "value": {
            "num": 2,
            "x": 24,
            "y": 226,
            "w": 60,
            "h": 20,
            "align": 9
        }
    },
    "kcal": {
        "value": {
            "num": 2,
            "x": 258,
            "y": 338,
            "w": 48,
            "h": 20,
            "align": 1
        }
    },
    "km": {
        "value": {
            "num": 1,
            "x": 240,
            "y": 226,
            "w": 60,
            "h": 20,
            "align": 9
        }
    },
    "bat": {
        "tyle": 1,
        "value": {
            "num": 1,
            "x": 38,
            "y": 338,
            "w": 48,
            "h": 20,
            "align": 1
        }
    },
    "hrm": {
        "value": {
            "num": 2,
            "x": 137,
            "y": 326,
            "w": 36,
            "h": 20,
            "align": 9
        }
    }
}
